Kuruna_debilis_7_20.lif - Series021 - C=1.tif	kuruna
Kuruna_debilis_7_20.lif - Series031 - C=1.tif	kuruna
Kuruna_debilis_7_20.lif - Series034 - C=1.tif	kuruna
Kuruna_debilis_7_20.lif - Series028 - C=1.tif	kuruna
Kuruna_debilis_7_20.lif - Series030 - C=1.tif	kuruna
Kuruna_debilis_7_20.lif - Series026 - C=1.tif	kuruna
Ampelocalamus_scandens_7-18.lif - Series005 - C=1.tif	ampelocalamus
Ampelocalamus_scandens_7-18.lif - Series007 - C=1.tif	ampelocalamus
Ampelocalamus_scandens_7-18.lif - Series029 - C=1.tif	ampelocalamus
Ampelocalamus_scandens_7-18.lif - Series025 - C=1.tif	ampelocalamus
Ampelocalamus_scandens_7-18.lif - Series013 - C=1.tif	ampelocalamus
Ampelocalamus_scandens_7-18.lif - Series031 - C=1.tif	ampelocalamus
Ampelocalamus_scandens_7-18.lif - Series004 - C=1.tif	ampelocalamus
Ampelocalamus_scandens_7-18.lif - Series035 - C=1.tif	ampelocalamus
Ampelocalamus_scandens_7-18.lif - Series016 - C=1.tif	ampelocalamus
Ampelocalamus_scandens_7-18.lif - Series008 - C=1.tif	ampelocalamus
Ampelocalamus_scandens_7-18.lif - Series010 - C=1.tif	ampelocalamus
sinobambusa-7-19.lif - Series014 - C=1.tif	sinobambusa
sinobambusa-7-19.lif - Series025 - C=1.tif	sinobambusa
sinobambusa-7-19.lif - Series011 - C=1.tif	sinobambusa
sinobambusa-7-19.lif - Series032 - C=1.tif	sinobambusa
Thamnocalamus_8_14_2017.lif - Series003 - C=1.tif	thamnocalamus
Shibataea_PMR_2152_2.lif - Series016 - C=1.tif	shibataea
Shibataea_PMR_2152_2.lif - Series040 - C=1.tif	shibataea
Shibataea_PMR_2152_2.lif - Series028 - C=1.tif	shibataea
Shibataea_PMR_2152_2.lif - Series005 - C=1.tif	shibataea
Shibataea_PMR_2152_2.lif - Series042 - C=1.tif	shibataea
Shibataea_PMR_2152_2.lif - Series008 - C=1.tif	shibataea
Shibataea_PMR_2152_2.lif - Series048 - C=1.tif	shibataea
Shibataea_PMR_2152.lif - Series007 - C=1.tif	shibataea
Shibataea_PMR_2152.lif - Series009 - C=1.tif	shibataea
Shibataea_PMR_2152.lif - Series011 - C=1.tif	shibataea
Pleioblastus_7_30_2017.lif - Series034 - C=1.tif	pleioblastus
Pleioblastus_7_30_2017.lif - Series004 - C=1.tif	pleioblastus
Pleioblastus_7_30_2017.lif - Series043 - C=1.tif	pleioblastus
Pleioblastus_7_30_2017.lif - Series041 - C=1.tif	pleioblastus
Pleioblastus_7_30_2017.lif - Series036 - C=1.tif	pleioblastus
Pleioblastus_7_30_2017.lif - Series010 - C=1.tif	pleioblastus
Pleioblastus_7_30_2017.lif - Series006 - C=1.tif	pleioblastus
Pleioblastus_7_30_2017.lif - Series012 - C=1.tif	pleioblastus
Pleioblastus_7_30_2017.lif - Series008 - C=1.tif	pleioblastus
Pleioblastus_7_30_2017.lif - Series046 - C=1.tif	pleioblastus
Pleioblastus_7_30_2017.lif - Series024 - C=1.tif	pleioblastus
Pleioblastus_7_30_2017.lif - Series014 - C=1.tif	pleioblastus
Pleioblastus_7_30_2017.lif - Series032 - C=1.tif	pleioblastus
Pleioblastus_7_30_2017.lif - Series022 - C=1.tif	pleioblastus
Pleioblastus_7_30_2017.lif - Series027 - C=1.tif	pleioblastus
Pleioblastus_7_30_2017.lif - Series019 - C=1.tif	pleioblastus
Pleioblastus_7_30_2017.lif - Series017 - C=1.tif	pleioblastus
Pleioblastus_7_30_2017.lif - Series030 - C=1.tif	pleioblastus
phyllostachys_sp_8-14_002_Brightfield.tif	phyllostachys
Phyllostachys_8_14_2017.lif - Series008 - C=1.tif	phyllostachys
phyllostcahys_sp_8-14_004.tif	phyllostachys
Kuruna_debilis_7_20.lif - Series024 - C=1.tif	kuruna
Chimonocalamus.lif - Series045 - C=1.tif	chimonocalamus
Chimonocalamus.lif - Series038 - C=1.tif	chimonocalamus
Chimonocalamus.lif - Series056 - C=1.tif	chimonocalamus
Chimonocalamus.lif - Series052 - C=1.tif	chimonocalamus
Chimonocalamus.lif - Series062 - C=1.tif	chimonocalamus
Chimonocalamus.lif - Series054 - C=1.tif	chimonocalamus
Chimonocalamus.lif - Series058 - C=1.tif	chimonocalamus
Chimonocalamus.lif - Series047 - C=1.tif	chimonocalamus
Chimonocalamus.lif - Series060 - C=1.tif	chimonocalamus
Chimonocalamus.lif - Series042 - C=1.tif	chimonocalamus
Chimonocalamus.lif - Series064 - C=1.tif	chimonocalamus
Chimonocalamus.lif - Series002 - C=1.tif	chimonocalamus
Chimonocalamus.lif - Series026 - C=1.tif	chimonocalamus
Chimonocalamus.lif - Series009 - C=1.tif	chimonocalamus
Chimonocalamus.lif - Series004 - C=1.tif	chimonocalamus
Chimonocalamus.lif - Series020 - C=1.tif	chimonocalamus
Chimonocalamus.lif - Series006 - C=1.tif	chimonocalamus
Chimonocalamus.lif - Series068 - C=1.tif	chimonocalamus
Chimonocalamus.lif - Series022 - C=1.tif	chimonocalamus
Chimonocalamus.lif - Series024 - C=1.tif	chimonocalamus
Chimonocalamus.lif - Series034 - C=1.tif	chimonocalamus
Bergbambos_tesselatus.lif - Series012 - C=1.tif	bergbambos
Bergbambos_tesselatus.lif - Series016 - C=1.tif	bergbambos
Arundinaria_gigantea_8_9_2017.lif - Series027 - C=1.tif	arundinaria
Arundinaria_gigantea_8_9_2017.lif - Series032 - C=1.tif	arundinaria
Arundinaria_gigantea_8_9_2017.lif - Series053 - C=1.tif	arundinaria
Arundinaria_gigantea_8_9_2017.lif - Series023 - C=1.tif	arundinaria
Arundinaria_gigantea_8_9_2017.lif - Series044 - C=1.tif	arundinaria
Arundinaria_gigantea_8_9_2017.lif - Series049 - C=1.tif	arundinaria
Arundinaria_gigantea_8_9_2017.lif - Series051 - C=1.tif	arundinaria
Arundinaria_gigantea_8_9_2017.lif - Series038 - C=1.tif	arundinaria
Arundinaria__gigantea_PMR2141_7_30_2017.lif - C=1.tif	arundinaria
Thamnocalamus 2.lif - Series023 - C=1.tif	thamnocalamus
Thamnocalamus 2.lif - Series008 - C=1.tif	thamnocalamus
Thamnocalamus 2.lif - Series028 - C=1.tif	thamnocalamus
Thamnocalamus 2.lif - Series020 - C=1.tif	thamnocalamus
Thamnocalamus 2.lif - Series032 - C=1.tif	thamnocalamus
Thamnocalamus 1.lif - Series006 - C=1.tif	thamnocalamus
Thamnocalamus 2.lif - Series037 - C=1.tif	thamnocalamus
Thamnocalamus 1.lif - Series014 - C=1.tif	thamnocalamus
Thamnocalamus 2.lif - Series035 - C=1.tif	thamnocalamus
kuruna debilis 1.lif - Series012 - C=1.tif	kuruna
kuruna debilis 1.lif - Series015 - C=1.tif	kuruna
kuruna debilis 1.lif - Series019 - C=1.tif	kuruna
kuruna debilis 1.lif - Series009 - C=1.tif	kuruna
kuruna debilis 1.lif - Series022 - C=1.tif	kuruna
Bergbambos_Series014_Brightfield.tif	bergbambos
Bergbambos_003_Brightfield.tif	bergbambos
Arundinaria_gigantea_8_9_2017_Series009_Brightfield.tif	arundinaria
Bergbambos_Series031_Brightfield.tif	bergbambos
bergbambos_sp_8-16_13_Brightfield.tif	bergbambos
bergbambos_sp_8-16_004_Brightfield.tif	bergbambos
bergbambos_sp_8-16_017_Brightfield.tif	bergbambos
Bergbambos_Series025_Brightfield.tif	bergbambos
Bergbambos_Series027_Brightfield.tif	bergbambos
Bergbambos_Series023_Brightfield.tif	bergbambos
Bergbambos_sp_8-16_2_Brightfield.tif	bergbambos
Bergbambos_Series029_Brightfield.tif	bergbambos
bergbambos_sp_8-16_15_Brightfield.tif	bergbambos
bergbambos_sp_8-16_019_Brightfield.tif	bergbambos
bergbambos_sp_8-16_040_Brightfield.tif	bergbambos
bergbambos_sp_8-16_37_Brightfield.tif	bergbambos
bergbambos_sp_8-16_35_Brightfield.tif	bergbambos
bergbambos_sp_8-16_031_Brightfield.tif	bergbambos
bergbambos_sp_8-16_25_Brightfield.tif	bergbambos
bergbambos_sp_8-16_029_Brightfield.tif	bergbambos
bergbambos_sp_8-16_042_Brightfield.tif	bergbambos
bergbambos_sp_8-16_023_Brightfield.tif	bergbambos
bergbambos_sp_8-16_27_Brightfield.tif	bergbambos
bergbambos_sp_8-16_044_Brightfield.tif	bergbambos
chimonobambusa_sp_8-14-2017_002_Brightfield.tif	chimonobambusa
bergbambos_sp_8-16_047_Brightfield.tif	bergbambos
chimonobambusa_sp_1_009_Brightfield.tif	chimonobambusa
bergbambos_tessellatus_1_005_Brightfield.tif	bergbambos
Chimonobambusa_Series051_Brightfield.tif	chimonobambusa
chimonobambusa_sp_1_028_Brightfield.tif	chimonobambusa
chimonobambusa_sp_1_006_Brightfield.tif	chimonobambusa
bergbambos_tessellatus_1_003_Brightfield.tif	bergbambos
chimonobambusa_sp_8-14-2017_010_Brightfield.tif	chimonobambusa
chimonobambusa_sp_8-14-2017_025_Brightfield.tif	chimonobambusa
chimonobambusa_sp_8-14-2017_023_Brightfield.tif	chimonobambusa
chimonobambusa_sp_8-14-2017_013_Brightfield.tif	chimonobambusa
chimonobambusa_sp_8-14-2017_008_Brightfield.tif	chimonobambusa
chimonobambusa_sp_8-14-2017_018_Brightfield.tif	chimonobambusa
chimonobambusa_sp_8-14-2017_021_Brightfield.tif	chimonobambusa
chimonobambusa_sp_8-14-2017_015_Brightfield.tif	chimonobambusa
chimonobambusa_sp_8-14-2017_004_Brightfield.tif	chimonobambusa
chimonobambusa_sp_8-14-2017_027_Brightfield.tif	chimonobambusa
Chimonocalamus_Series_002_Brightfield.tif	chimonocalamus
chimonocalamus_sp_1_017_Brightfield.tif	chimonocalamus
chimonocalamus_sp_1_015_Brightfield.tif	chimonocalamus
chimonocalamus_sp_1_009_Brightfield.tif	chimonocalamus
chimonocalamus_sp_1_013_Brightfield.tif	chimonocalamus
chimonobambusa_sp_8142017_006_Brightfield.tif	chimonobambusa
chimonobambusa_sp_8-14-2017_033_Brightfield.tif	chimonobambusa
chimonobambusa_sp_8-14-2017_029_Brightfield.tif	chimonobambusa
chimonocalamus_sp_1_006_Brightfield.tif	chimonocalamus
Kuruna_debilis_Series008_Brightfield.tif	kuruna
Kuruna_debilis_7_20_Series012_Brightfield.tif	kuruna
Kuruna_debilis_7_20_Series018_Brightfield.tif	kuruna
Kuruna_debilis_7_20_Series_3_Brightfield.tif	kuruna
Kuruna_debilis_7_20_Series010_Brightfield.tif	kuruna
kuruna_debilis_7-20c_045_Brightfield.tif	kuruna
Kuruna_debilis_7_20_Series024_Brightfield.tif	kuruna
kuruna_debilis_7-20_035_Brightfield.tif	kuruna
Kuruna_debilis_7_20_Series032_Brightfield.tif	kuruna
Kuruna_debilis_7_20_Series037_Brightfield.tif	kuruna
phyllostachys_sp_8-14_013_Brightfield.tif	phyllostachys
Thamnocalamus2_Series016_brightfield.tif	thamnocalamus
Phyllostachys_8_14_Series017_Brightfield.tif	phyllostachys
Phyllostachys_8_14_Series021_Brightfield.tif	phyllostachys
pleioblastus_sp_1_002_Brightfield.tif	pleioblastus
phyllostcahys_sp_8-14_004_Brightfield.tif	phyllostachys
phyllostachys_sp_8-14_006_Brightfield.tif	phyllostachys
Phyllostachys_8_14_series015_Brightfield.tif	phyllostachys
Phyllostachys_8_14_Series010_Brightfield.tif	phyllostachys
pleioblastus_sp_1_038_Brightfield.tif	pleioblastus
Ampelocalamus_scandens_7_16_Series010_Brightfield.tif	ampelocalamus
shibataea_sp_2152-2_020_Brightfield.tif	shibataea
shibataea_sp_2152-2_026_Brightfield.tif	shibataea
shibataea_sp_2152-2_030_Brightfield.tif	shibataea
Shibataea_PMR2152_2_Series016_Brightfield.tif	shibataea
Shibataea_PMR2152_2_Series003_Brightfield.tif	shibataea
Shibataea_PMR_2152_2_Series012_Brightfield.tif	shibataea
shibataea_sp_2152-2_036_Brightfield (3637c0ed).tif	shibataea
Shibataea_PMR_2152_2_Series014_Brightfield.tif	shibataea
Shibataea_PMR_2152_Series_2_Brightfield.tif	shibataea
Sinobambusa_7_19_Series_030_Brightfield.tif	sinobambusa
Sinobambusa_7_19_Series027_Brightfield.tif	sinobambusa
Sinobambusa_7_19_Series_041_Brightfield.tif	sinobambusa
Thamnocalamus_8_14_Series_010_Brightfield.tif	thamnocalamus
Sinobambusa_7_19_Series_038_Brightfield.tif	sinobambusa
Thamnocalamus_2_Series011_Brightfield.tif	thamnocalamus
Thamnocalamus_2_Series014_Brightfield.tif	thamnocalamus
Thamnocalamus_8_14_series012_Brightfield.tif	thamnocalamus
Thamnocalamus_8_14_Series010_Brightfield.tif	thamnocalamus
Thamnocalamus_8_14_Series008_Brightfield.tif	thamnocalamus
Thamnocalamus_8_14_series033_Brightfield.tif	thamnocalamus
Thamnocalamus1_ Series011_brightfield.tif	thamnocalamus
Thamnocalamus_8_14_series018_Brightfield.tif	thamnocalamus
shibataea_sp_2152-2_036_Brightfield.tif	shibataea
Kuruna_debilis_7_20.lif - Series022 - C=1.tif	kuruna
Kuruna_debilis_7_20.lif - Series038 - C=1.tif	kuruna
Kuruna_debilis_7_20.lif - Series007 - C=1.tif	kuruna
Kuruna_debilis_7_20.lif - Series043 - C=1.tif	kuruna
Kuruna_debilis_7_20.lif - Series013 - C=1.tif	kuruna
chimonobambusa_sp_8-14-2017_004_Brightfield.jpg	chimonobambusa
chimonobambusa_sp_8-14-2017_029_Brightfield.jpg	chimonobambusa
chimonocalamus_sp_tim_002_Brightfield.tif	chimonocalamus
chimonocalamus_sp_1_022_Brightfield.tif	chimonocalamus
Ampelocalamus_scandens_7_18_series003_Brightfield.tif	ampelocalamus
Ampelocalamus_Scandens_7_18_Series006_Brightfield.tif	ampelocalamus
chimonocalamus_sp_tim_004_Brightfield.tif	chimonocalamus
chimonocalamus_sp_1_030_Brightfield.tif	chimonocalamus
chionobambusa_sp_8-14-2017_013_Brightfield.tif	chimonobambusa
chimonocalamus_sp_1_020_Brightfield.tif	chimonocalamus
Ampelocalamus_scandens_7_18_Series_030_Brightfield.tif	ampelocalamus
Ampelocalamus_scandens_7_18_Series015_Brightfield.tif	ampelocalamus
Ampelocalamus_scandens_7_18_Series021_Brightfield.tif	ampelocalamus
Ampelocalamus_scandens_7_18_Series012_Brightfield.tif	ampelocalamus
Ampelocalamus_scandens_7_18_Series018_Brightfield.tif	ampelocalamus
Ampelocalamus_scandens_7_18_Series024_Brightfield.tif	ampelocalamus
Arundinaria_gigantea_8_9_2017_Series005_Brightfield.tif	arundinaria
Arundinaria_gigantea_8_9_2017_Series007_Brightfield.tif	arundinaria
Kuruna_debilis_7_20_Series037_Brightfield.jpg	kuruna
Arundinaria_gigantea_8__Series058_Brightfield.tif	arundinaria
Arundinaria_gigantea_8_9_2017_Series_003_Brightfield.tif	arundinaria
Ampelocalamus_scandens_7_18_Series009_Brightfield.tif	ampelocalamus
Arundinaria_gigantea_8_9_Series055_Brightfield.tif	arundinaria
Bergbambos_Series010_Brightfield.tif	bergbambos
Bergbambos_Series018_Brightfield.tif	bergbambos
Arundinaria_gigantea_8_9_2017_Series021_Brightfield.tif	arundinaria
Bergbambos_Series008_Brightfield.tif	bergbambos
Arundinaria_gigantea_8_9_Series060_Brightfield.tif	arundinaria
Arundinaria_gigantea_8_9_2017_Series016_Brightfield.tif	arundinaria
guadua5_series22_Brightfield.tif	guadua
guadua5_series18_Brightfield.tif	guadua
guadua5_series16_Brightfield.tif	guadua
guadua6_series11_Brightfield.tif	guadua
guadua6_series5_Brightfield.tif	guadua
guadua6_series17_Brightfield.tif	guadua
dinochloa_2_series12_Brightfield.tif	dinochloa
dinochloa_2_series14_Brightfield.tif	dinochloa
dinochloa3_series3_Brightfield.tif	dinochloa
dinochloa_2_series10_Brightfield.tif	dinochloa
dinochloa2_Series003_Brightfield.tif	dinochloa
dinochloa1_Series003_brightfield.tif	dinochloa
dinochloa1_series7_Brightfield.tif	dinochloa
dinochloa_2_series16_Brightfield.tif	dinochloa
dinochloa3_series7_Brightfield.tif	dinochloa
dinochloa1_Series048_Brightfield.tif	dinochloa
dinochloa1_series18_Brightfield.tif	dinochloa
dinochloa1_series13_Brightfield.tif	dinochloa
dinochloa1_series23_Brightfield.tif	dinochloa
dinochloa1_series16_Brightfield.tif	dinochloa
dinochloa1_series11_Brightfield.tif	dinochloa
dinochloa1_series29_Brightfield.tif	dinochloa
dinochloa1_series21_Brightfield.tif	dinochloa
dinochloa1_series25_Brightfield.tif	dinochloa
dinochloa1_series41_Brightfield.tif	dinochloa
dinochloa1_Series023_Brightfield.tif	dinochloa
dinochloa_z-stacks.lif - Series004 - C=0.tif	dinochloa
dinochloa_z-stacks.lif - Series012 - C=0.tif	dinochloa
dinochloa_z-stacks.lif - Series034 - C=0.tif	dinochloa
dinochloa_z-stacks.lif - Series008 - C=0.tif	dinochloa
dinochloa_z-stacks.lif - Series022 - C=0.tif	dinochloa
dinochloa_z-stacks.lif - Series017 - C=0.tif	dinochloa
dinochloa_z-stacks.lif - Series020 - C=0.tif	dinochloa
dinochloa_z-stacks.lif - Series025 - C=0.tif	dinochloa
dinochloa_z-stacks.lif - Series027 - C=0.tif	dinochloa
dinochloa_z-stacks.lif - Series032 - C=0.tif	dinochloa
dinochloa_z-stacks.lif - Series038 - C=0.tif	dinochloa
dinochloa_z-stacks.lif - Series057 - C=0.tif	dinochloa
dinochloa_z-stacks.lif - Series052 - C=0.tif	dinochloa
dinochloa_z-stacks.lif - Series055 - C=0.tif	dinochloa
dinochloa_z-stacks.lif - Series050 - C=0.tif	dinochloa
dinochloa_z-stacks.lif - Series036 - C=0.tif	dinochloa
dinochloa_z-stacks.lif - Series042 - C=0.tif	dinochloa
dinochloa_z-stacks.lif - Series048 - C=0.tif	dinochloa
macluorchloa2_sreies2_Brightfield.tif	macluorchloa
macluorchloa1_series13_Brightfield.tif	macluorchloa
macluorchloa2_series11_Brightfield.tif	macluorchloa
macluorchloa2_series17_Brightfield.tif	macluorchloa
macluorchloa2_series2_Brightfield.tif	macluorchloa
macluorchloa1_series28_Brightfield.tif	macluorchloa
macluorchloa1_series38_Brightfield.tif	macluorchloa
macluorchloa2_series14_Brightfield.tif	macluorchloa
otatea3_series49_Brightfield.tif	otatea
otatea_day3_Series044_Brightfield.tif	otatea
otatea_day3_Series053_Brightfield.tif	otatea
otatea3_series11_Brightfield.tif	otatea
otatea3_series7_Brightfield.tif	otatea
otatea3_series69_Brightfield.tif	otatea
otatea_day2_brightfield_saddle.lif - Series006 - C=1.tif	otatea
otatea_day2_bilobate_brightfield.lif - Series041 - C=1.tif	otatea
otatea3_series16_Brightfield.tif	otatea
otatea3_series35_Brightfield.tif	otatea
otatea2_series24_Brightfield.tif	otatea
otatea2_series41_Brightfield.tif	otatea
otatea2_series50_Brightfield.tif	otatea
otatea2_series43_Brightfield.tif	otatea
otatea_day2_Series041_brightfield.tif	otatea
otatea2_series29_Brightfield.tif	otatea
otatea_day2_Series011_brightfield.tif	otatea
otatea2_series11_Brightfield.tif	otatea
otatea_day2_Series014_brightfield.tif	otatea
otatea2_series36_Brightfield.tif	otatea
otatea_day3_Series062_brightfield.tif	otatea
otatea_day2_Series006.brightfield.tif	otatea
otatea_day2_Series043_brightfield.tif	otatea
otatea_day3_Series058_brightfield.tif	otatea
otatea1_series006_brightfield.tif	otatea
otatea_day3_Series053_brightfield.tif	otatea
otatea_day3_Series069_brightfeild.tif	otatea
otatea_day3_Series066_brightfield.tif	otatea
otatea1_Series006_brightfield.tif	otatea
otatea_day3_Series049_brightfield.tif	otatea
otatea_day3_Series021_brightfield.tif	otatea
otatea_day3_Series030_brightfield.tif	otatea
otatea_day2_Seies050_brightfield.tif	otatea
otatea_day3_Series035_brightfield.tif	otatea
otatea_day3_Series011_brightfield.tif	otatea
otatea_day3_ Series007_brightfield.tif	otatea
otatea_day3_Series016_brightfield.tif	otatea
otatea_day2._series006_brightfield.tif	otatea
otatea.lif - Series003 - C=1_brightfield.tif	otatea
otatea_day3_Series044_brightfield.tif	otatea
racemo4_Series029_brightfield.tif	racemo
racemo7_series5_Brightfield.tif	racemo
racemo8_series3_Brightfield.tif	racemo
chusquea2_series43_Brightfield.tif	chusquea
chusquea2_series012_Brightfield.tif	chusquea
arthrostyllidium_sp_2_007_Brightfield.tif	arthrostylidium
arthrostylidium_2_series5_Brightfield.tif	arthrostylidium
arthrostylidium2_series34_Brightfield.tif	arthrostylidium
bambusa3_series16_Brightfield.tif	bambusa
bambusa3_Series023_brightfield.tif	bambusa
bambusa2_series32_Brightfield.tif	bambusa
bambusa3_Series020_brightfield.tif	bambusa
bambusa2_series30_Brightfield.tif	bambusa
bambusa3_Series009_Brightfield.tif	bambusa
bambusa3_series31_Brightfield.tif	bambusa
bambusa3_series016_Brightfield.tif	bambusa
hickelia1_series41_Brightfield.tif	hickelia
hickelia1_series20_Brightfield.tif	hickelia
hickelia_d1_Series041_Brightfield.tif	hickelia
hickelia_d1_Series031_brightfield.tif	hickelia
hickelia_d1_Series046_Brightfield.tif	hickelia
hickelia_d1_Series036_tif_Brightfield.tif	hickelia
hickelia_d1_Series036_brightfield.tif	hickelia
davidsea_sp_10-17-17_slide2 (2).lif - Series014 - C=1.tif	davidsea
davidsea_sp_10-17-17_slide2 (2).lif - Series012 - C=1.tif	davidsea
davidsea_sp_10-17-17_slide2 (2).lif - Series008 - C=1.tif	davidsea
davidsea_sp_10-17-17_slide2 (2).lif - Series004 - C=1.tif	davidsea
davidsea_sp_10-17-17_slide2 (2).lif - Series019 - C=1.tif	davidsea
davidsea_sp_10-17-17_slide2 (2).lif - Series002 - C=1.tif	davidsea
davidsea_sp_10-17-17_slide2 (2).lif - Series021 - C=1.tif	davidsea
davidsea_sp_10-17-17_slide2 (2).lif - Series017 - C=1.tif	davidsea
racemobambusa_hepburnii_9-1_011_Brightfield.tif	racemobambos
Racemobambos_hepburnii_9-1.lif - Series019 - C=1.tif	racemobambos
Racemobambos_hepburnii_9-1.lif - Series013 - C=1.tif	racemobambos
Racemobambos_hepburnii_9-1.lif - Series017 - C=1.tif	racemobambos
Merostachys_9-1.lif - Series014 - C=1.tif	merostachys
Merostachys_9-1.lif - Series012 - C=1.tif	merostachys
Merostachys_9-1.lif - Series017 - C=1.tif	merostachys
Merostachys_9-1.lif - Series022 - C=1.tif	merostachys
Merostachys_9-1.lif - Series009 - C=1.tif	merostachys
Merostachys_9-1.lif - Series019 - C=1.tif	merostachys
Merostachys_9-1.lif - Series006 - C=1.tif	merostachys
meloncanna3_series1_Brightfield.tif	meloncanna
meloncanna4_series13_Brightfield.tif	meloncanna
meloncanna4_series8_Brightfield.tif	meloncanna
meloncanna1_Series036_brightfield.tif	meloncanna
meloncanna4_series10_Brightfield.tif	meloncanna
meloncanna2_Series007_brightfield.tif	meloncanna
meloncanna2_Series019_brightfield.tif	meloncanna
meloncanna4_Series010_Brightfield.tif	meloncanna
meloncanna2.lif - Series054 - C=1.tif	meloncanna
meloncanna4_Series013_Brightfield.tif	meloncanna
meloncanna2_Series054_brightfield.tif	meloncanna
meloncanna2_Series028_brightfield.tif	meloncanna
meloncanna2_Series022_brightfield.tif	meloncanna
meloncanna2_Series051_brightfield.tif	meloncanna
nastus3_Series011_brightfield.jpg	nastus
nastus1_Series016_brightfield.tif	nastus
nastus1_Series013_brightfield.tif	nastus
nastus1_Series006_brightfield.tif	nastus
nastus4_Series013_brightfield.tif	nastus
nastus4_Series010_brightfield.tif	nastus
nastus4_Series016_brightfield.tif	nastus
nastus3_Series026_brightfield.tif	nastus
nastus1_Series009_brightfield.tif	nastus
nastus1_Series003_brightfield.tif	nastus
nastus3_Series029_brightfield.tif	nastus
nastus2_Series029_brightfield.tif	nastus
nastus2_Series007_brightfield.tif	nastus
nastus1_Series019_brightfield.tif	nastus
nastus3_Series011_brightfield.tif	nastus
nastus2_Series013_brightfield.tif	nastus
nastus2_Series025_brightfield.tif	nastus
nastus2_Series010_brightfield.tif	nastus
nastus3_Series008_brightfield.tif	nastus
nastus2_Series033_brightfield.tif	nastus
nastus3_Series014_brightfield.tif	nastus
nastus3_Series017_brightfield.tif	nastus
nastus3_Series023_brightfield.tif	nastus
guadua1_Series024_brightfield.tif	guadua
guadua1_Series018_brightfield.tif	guadua
guadua1_Series033_brightfield.tif	guadua
guadua_sp_6_005_Brightfield.tif	guadua
guadua3_Series010_brighfield.tif	guadua
guadua1_Series027_brightfield.tif	guadua
guadua1_Series036_brightfield.tif	guadua
guadua1_Series021_brightfield.tif	guadua
guadua3_Series003_brightfield.tif	guadua
guadua2_001_brightfieldtif.tif	guadua
guadua3_Series013_brighfield.tif	guadua
guadua4_series9_Brightfield.tif	guadua
guadua4_series2_Brightfield.tif	guadua
guadua5_series4_Brightfield.tif	guadua
guadua3_Series019_brightfield.tif	guadua
guadua5_series6_Brightfield.tif	guadua
guadua3_Series021_brightfield.tif	guadua
guadua4_series11_Brightfield.tif	guadua
guadua4_Series007_Brightfield.tif	guadua
guadua5_series9_Brightfield.tif	guadua
guadua6_series8_Brightfield.tif	guadua
guadua6_series13_Brightfield.tif	guadua
guadua5_series14_Brightfield.tif	guadua
guadua5_series12_Brightfield.tif	guadua
guadua6_series15_Brightfield.tif	guadua
buergersiochloa_7-12.lif - Series021 - C=1.tif	buerguesiochloa
buerguesiochloa.lif - Series025 - C=1.tif	buerguesiochloa
buergersiochloa_7-12.lif - Series015 - C=1.tif	buerguesiochloa
Diandrolyra.lif - Series007 - C=1.tif	diandrolyra
Diandrolyra.lif - polylobate4 - C=1.tif	diandrolyra
Diandrolyra.lif - squashed_bilobate - C=1.tif	diandrolyra
Diandrolyra.lif - Series003 - C=1.tif	diandrolyra
Diandrolyra.lif - Series026 - C=1.tif	diandrolyra
Diandrolyra.lif - polylobate - C=1.tif	diandrolyra
Diandrolyra.lif - unevenbilobate - C=1.tif	diandrolyra
Diandrolyra.lif - polylobemighthavedebris - C=1.tif	diandrolyra
Diandrolyra.lif - scoopybilobate - C=1.tif	diandrolyra
Diandrolyra.lif - polylobate3 - C=1.tif	diandrolyra
Diandrolyra2.lif - Series013 - C=1.tif	diandrolyra
Diandrolyra2.lif - Series011 - C=1.tif	diandrolyra
Diandrolyra2.lif - Series023 - C=1.tif	diandrolyra
Diandrolyra2.lif - Series016 - C=1.tif	diandrolyra
Diandrolyra2.lif - Series012 - C=1.tif	diandrolyra
Diandrolyra2.lif - Series028 - C=1.tif	diandrolyra
Diandrolyra2.lif - Series021 - C=1.tif	diandrolyra
Diandrolyra2.lif - Series008 - C=1.tif	diandrolyra
Diandrolyra2.lif - Series026 - C=1.tif	diandrolyra
Diandrolyra.lif - chunky_bilobate - C=1.tif	diandrolyra
Diandrolyra2.lif - Series014 - C=1.tif	diandrolyra
Diandrolyra.lif - chunkybilobate - C=1.tif	diandrolyra
Diandrolyra2.lif - Series033 - C=1.tif	diandrolyra
Diandrolyra2.lif - Series024 - C=1.tif	diandrolyra
Diandrolyra2.lif - Series019 - C=1.tif	diandrolyra
Diandrolyra_3.lif - Series008 - C=1.tif	diandrolyra
Diandrolyra.lif - polylobate2 - C=1.tif	diandrolyra
Diandrolyra_3.lif - Series035 - C=1.tif	diandrolyra
Diandrolyra2.lif - Series017 - C=1.tif	diandrolyra
Eremites.lif - Series033 - C=1.tif	eremites
Eremites.lif - Series029 - C=1.tif	eremites
Eremites_7-11.lif - Series035 - C=1.tif	eremites
Eremites_7-11.lif - Series042 - C=1.tif	eremites
Eremites_7-11.lif - Series039 - C=1.tif	eremites
Eremites.lif - Series017 - C=1.tif	eremites
Lithacne_pauciflora3.lif - Series034 - C=1.tif	lithacne
Lithacne_7-12.lif - Series014 - C=1.tif	lithacne
Lithacne_pauciflora2.lif - Series023 - C=1.tif	lithacne
Lithacne_pauciflora2.lif - Series004 - C=1.tif	lithacne
Lithacne_pauciflora2.lif - Series018 - C=1.tif	lithacne
Lithacne_pauciflora2.lif - Series003 - C=1.tif	lithacne
Lithacne_pauciflora2.lif - Series007 - C=1.tif	lithacne
Lithacne pauciflora_old.lif - Series002 - C=1.tif	lithacne
Lithacne pauciflora_old.lif - Series026 - C=1.tif	lithacne
Lithacne_pauciflora2.lif - Series002 - C=1.tif	lithacne
Lithacne_pauciflora2.lif - Series021 - C=1.tif	lithacne
Lithacne_7-12.lif - Series013 - C=1.tif	lithacne
Lithacne_7-12.lif - Series008 - C=1.tif	lithacne
Lithacne_pauciflora2.lif - Series024 - C=1.tif	lithacne
Lithacne_pauciflora2.lif - Series033 - C=1.tif	lithacne
Lithacne_7-12.lif - Series002 - C=1.tif	lithacne
Lithacne_pauciflora2.lif - Series027 - C=1.tif	lithacne
Lithacne_pauciflora2.lif - Series029 - C=1.tif	lithacne
Lithacne_7-12.lif - Series005 - C=1.tif	lithacne
sucrea3_Series038_brightfield.tif	sucrea
sucrea3_Series026_brightfield.tif	sucrea
Raddia_Series035_brightfield.tif	raddia
Raddia_Series003_brightfield.tif	raddia
Eremites.lif - Series019 - C=1_brightfield.tif	eremites
sucrea_Series013_brightfield.tif	sucrea
Diandrolyra_3_Seires030_Brightfield.tif	diandrolyra
sucrea3_Series035_brightfield.tif	sucrea
buergersiochloa_7-12_Series003_Brightfield.tif	buerguesiochloa
buerguesiochloa.lif - Series026 - C=1.tif	buerguesiochloa
buerguesiochloa.lif - Series029 - C=1.tif	buerguesiochloa
Diandrolyra_Series028_Brightfield.tif	diandrolyra
buerguesiochloa.lif - Series032 - C=1.tif	buerguesiochloa
buerguesiochloa.lif_Series016_brightfield.tif	buerguesiochloa
Diandrolyra_3_Series010_Brightfield (2).tif	diandrolyra
Diandrolyra_3_Series010_Brightfield.tif	diandrolyra
Diandrolyra_3_Series013_Brightfield.tif	diandrolyra
Olyra.lif - Series055 - C=1.tif	olyra
Olyra.lif - Series039 - C=1.tif	olyra
Olyra.lif - Series052 - C=1.tif	olyra
Olyra.lif - Series035 - C=1.tif	olyra
Olyra.lif - Series004 - C=1.tif	olyra
Pariana_7-8.lif - Series023 - C=1.tif	pariana
Pariana_7-8.lif - Series019 - C=1.tif	pariana
Pariana_sp.lif - Series026 - C=1.tif	pariana
Pariana_sp.lif - Series017 - C=1.tif	pariana
Pariana_sp.lif - Series021 - C=1.tif	pariana
Pariana_7-8.lif - Series035 - C=1.tif	pariana
Pariana_7-8.lif - Series045 - C=1.tif	pariana
Pariana_7-8.lif - Series004 - C=1.tif	pariana
Pariana_sp.lif - Series029 - C=1.tif	pariana
Pariana_sp.lif - Series009 - C=1.tif	pariana
Pariana_sp.lif - Series020 - C=1.tif	pariana
Pariana_7-8.lif - Series007 - C=1.tif	pariana
Pariana_sp.lif - Series017.5-25 - C=1.tif	pariana
Pariana_sp.lif - Series003 - C=1.tif	pariana
Pariana_sp.lif - Series028.5-25 - C=1.tif	pariana
Pariana_sp.lif - Series014.5-25 - C=1.tif	pariana
Pariana_sp.lif - Series039.5-25 - C=1.tif	pariana
Pariana_sp.lif - Series007 - C=1.tif	pariana
Pariana_sp.lif - Series004 - C=1.tif	pariana
Raddia.lif - Series022 - C=1.tif	raddia
Raddia-7-13.lif - Series035 - C=1.tif	raddia
Copy of Raddia_7-13_Series011_brighfield.tif	raddia
Copy of Pariana_sp.lif - Series011 - C=1.tif	pariana
Copy of Raddia_7-13_Series017_brightfield.tif	raddia
Copy of Pariana_spSeries025_brightfield.tif	pariana
Copy of Raddia 7-13_series038_Brightfield.tif	raddia
Copy of Raddia_7-13_Series009_brightfield.tif	raddia
Copy of Pariana_sp.lif - Series005 - C=1_brightfield.tif	pariana
Copy of Pariana_sp.lif - Series002 - C=1.tif	pariana
Copy of Raddia_7-13_Series013_brightfield.tif	raddia
Copy of Pariana_sp.lif - Series006 - C=1.tif	pariana
Copy of Raddia-7-13_Series021_Brightfield.tif	raddia
Copy of Raddia-7-13_Series010_Brightfield.tif	raddia
Copy of Raddia_Series037_brightfield.tif	raddia
Copy of Raddia_Series029_brightfield.tif	raddia
Copy of Raddia-7-13_Series013_Brightfield.tif	raddia
Copy of Raddia-7-13_Series005_Brightfield.tif	raddia
Copy of Raddia_Series031_brightfield.tif	raddia
Copy of Raddia-7-13_Series006_Brightfield.tif	raddia
Copy of Raddia-7-13_Series022_Brightfield.tif	raddia
Copy of Raddia_Series007_brightfield.tif	raddia
Copy of Raddia_Series011_brightfield.tif	raddia
Copy of raddia_7-13_series028_Brightfield.tif	raddia
Copy of Raddia_Series019_brightfield.tif	raddia
Copy of Raddia_Series027_Brightfield.tif	raddia
Copy of Raddia_Series016_brightfierld.tif	raddia
Copy of Raddia_7-13_Series052_brightfield.tif	raddia
Copy of Raddia_Series024_brightfield.tif	raddia
Copy of Raddia_7-13_Series024_brightfield.tif	raddia
Copy of Raddia-7-13_Series043_Brightfield.tif	raddia
Copy of Raddia-7-13_Series032_Brightfield.tif	raddia
Copy of Raddia-7-13_series031_Brightfield.tif	raddia
Copy of Raddia-7-13_Series028_brightfield.tif	raddia
Copy of raddia-7-13_series034_Brightfield.tif	raddia
Copy of Raddia-7-13_Series035_Brightfield.tif	raddia
Copy of Raddia-7-13_Series038_Brightfield.tif	raddia
Copy of Raddia-7-13_Series040_Brightfield.tif	raddia
Copy of Raddia-7-13_Series027_brightfield.tif	raddia
Copy of Sucrea_3_Series033_Brightfield.tif	sucrea
Copy of sucrea_Series011_brightfield.tif	sucrea
Copy of sucrea_Series016_brightfield.tif	sucrea
Copy of sucrea_Series024_brightfield.tif	sucrea
Copy of sucrea_Series019_brightfield.tif	sucrea
Copy of sucrea_Series022_brightfield.tif	sucrea
Copy of sucrea_Series026_brightfield.tif	sucrea
Copy of sucrea2_Series009_brightfield.tif	sucrea
Copy of sucrea2_Series011_brightfield.tif	sucrea
Copy of sucrea2_Series003_brightfield.tif	sucrea
Copy of sucrea2_Series020_brightfield.tif	sucrea
Copy of sucrea_Series042_brightfield.tif	sucrea
Copy of sucrea2_Series014_brightfield.tif	sucrea
Copy of sucrea_Series031_brightfield.tif	sucrea
Copy of sucrea2_Series006_brightfield.tif	sucrea
Copy of sucrea3_Series006_brightfield.tif	sucrea
Copy of sucrea2_Series027_brightfiled.tif	sucrea
Copy of sucrea3_Series008_brightfield.tif	sucrea
Copy of sucrea3_Series001_brightfield.tif	sucrea
Copy of sucrea2_Series042_brightfield.tif	sucrea
Copy of sucrea3_Series003_brightfield.tif	sucrea
Copy of sucrea2_Series023_brightfield.tif	sucrea
Copy of sucrea3_Series009_brightfield.tif	sucrea
Copy of sucrea2_Series036_brightfield.tif	sucrea
Copy of sucrea2_Series039_brightfield.tif	sucrea
Copy of sucrea3_Series012_brightfield.tif	sucrea
Copy of sucrea3_Series015_brightfield.tif	sucrea
Copy of sucrea3_Series014_brightfield.tif	sucrea
Copy of sucrea3_Series016_brightfield.tif	sucrea
Copy of sucrea3_Series019_brightfield.tif	sucrea
Copy of sucrea3_Series022_brightfield.tif	sucrea
Copy of sucrea3_Series024_brightfield.tif	sucrea
Copy of sucrea3_Series011_brightfield.tif	sucrea
Copy of sucrea3_Series013_brightfield.tif	sucrea
Copy of sucrea3_Series029_brightfield.tif	sucrea
Copy of sucrea3_Series031_brightfield.tif	sucrea
Copy of sucrea3_Series032_brightfield.tif	sucrea
Copy of sucrea3_Series033_brightfield.tif	sucrea
buerguesiochloa.lif - Series039 - C=1.tif	buerguesiochloa
buerguesiochloa.lif - Series028 - C=1.tif	buerguesiochloa
buerguesiochloa.lif - Series046 - C=1.tif	buerguesiochloa
buerguesiochloa.lif - Series035 - C=1.tif	buerguesiochloa
buerguesiochloa.lif - Series050 - C=1.tif	buerguesiochloa
buerguesiochloa.lif - Series053 - C=1.tif	buerguesiochloa
buerguesiochloa.lif - Series037 - C=1.tif	buerguesiochloa
buerguesiochloa.lif - Series048 - C=1.tif	buerguesiochloa
buerguesiochloa.lif - Series041 - C=1.tif	buerguesiochloa
buerguesiochloa.lif - Series013 - C=1.tif	buerguesiochloa
Buerguersiachloa (1).lif - Series002 - C=1.tif	buerguesiochloa
buerguesiochloa.lif - Series022 - C=1.tif	buerguesiochloa
buergersiochloa_7-12.lif - Series010 - C=1.tif	buerguesiochloa
Buerguersiachloa.lif - Series022 - C=1.tif	buerguesiochloa
buerguesiochloa.lif - Series018 - C=1.tif	buerguesiochloa
Buerguersiachloa (1).lif - Series017 - C=1.tif	buerguesiochloa
Buerguersiachloa (1).lif - Series022 - C=1.tif	buerguesiochloa
Buerguersiachloa (1).lif - Series008 - C=1.tif	buerguesiochloa
Buerguersiachloa (1).lif - Series011 - C=1.tif	buerguesiochloa
buergersiochloa_7-12.lif - Series008 - C=1.tif	buerguesiochloa
buergersiochloa_7-12.lif - Series018 - C=1.tif	buerguesiochloa
buerguesiochloa.lif - Series023 - C=1.tif	buerguesiochloa
buerguesiochloa.lif - Series019 - C=1.tif	buerguesiochloa
buergersiochloa_7-12.lif - Series024 - C=1.tif	buerguesiochloa
buergersiochloa_7-12.lif - Series013 - C=1.tif	buerguesiochloa
Copy of Diandrolyra_3_Series044_diandrolyra.tif	diandrolyra
Copy of Diandrolyra.lif - Series016 - C=1.tif	diandrolyra
Copy of Diandrolyra2.lif - Series026 - C=1_brightfield.tif	diandrolyra
Copy of Eremites_7-11_Series016_brightfield.tif	eremites
Copy of Diandrolyra2.lif - Series005 - C=1.tif	diandrolyra
Copy of Eremites_7_11_Series032_Brightfield.tif	eremites
Copy of Eremites_7-11_Series012_brightifled.tif	eremites
Copy of Diandrolyra2_squashed_chunky_bilobe_brightfield.tif	diandrolyra
Copy of Diandrolyra2.lif - Series022 - C=1.tif	diandrolyra
Copy of Eremites_7_11_Series035_Brightfield.tif	eremites
Copy of Eremites_7-11_Series008_brightfield.tif	eremites
Copy of Eremites_7_11_Series008_Brightfield.tif	eremites
Copy of Eremites_7-11_Series018_brightfield.tif	eremites
Copy of Eremites_7-11_Series023_brightfield.tif	eremites
Copy of Eremites_7-11_Series025_brightfield.tif	eremites
Copy of Eremites_7-11_Series030_brightfield.tif	eremites
Copy of Eremites_7-11_Series032_brightfield.tif	eremites
Copy of Eremites_Series006_brightfield.tif	eremites
Copy of eremites_8-23_3_Brightfield.tif	eremites
Copy of Eremites_7-11_Series027_brightfield.tif	eremites
Copy of Eremites_7-11_Series021_brightfield.tif	eremites
Copy of Eremites_Series017_brightfield.tif	eremites
Copy of Eremites_Series029_brightfield.tif	eremites
Copy of Eremites_Series031_brightfield.tif	eremites
Copy of eremites_sp_8-23_16_Brightfield.tif	eremites
Copy of Eremites.lif - Series011 - C=1.tif	eremites
Copy of eremites_sp_8-23_14_Brightfield.tif	eremites
Copy of eremites_sp_8-23_6_Brightfield.tif	eremites
Copy of Eremites_Series033_brightfield.tif	eremites
Copy of Eremites.lif - Series003 - C=1.tif	eremites
Copy of eremites_sp_8-23_19_Brightfield.tif	eremites
Copy of Eremites.lif - Series013 - C=1.tif	eremites
Copy of Eremites.lif - Series035 - C=1.tif	eremites
Copy of Eremites.lif - Series024 - C=1.tif	eremites
Copy of Eremites.lif - Series006 - C=1.tif	eremites
Copy of Eremites.lif - Series009 - C=1.tif	eremites
Copy of Lithacne_7-12_Series017_brightfield.tif	lithacne
Copy of Lithacne_2_series033_Brightfield.tif	lithacne
Copy of Lithacne_pauciflora_2_Series012_Brightfield.tif	lithacne
Copy of lithacne_7-12_009_Brightfield.tif	lithacne
Copy of Lithacne pauciflora (1).lif - Series026 - C=1.tif	lithacne
Copy of Lithacne_7-12_Series011_brightfield.tif	lithacne
Copy of Lithacne_pauciflora_2_series007_Brightfield.tif	lithacne
Copy of Lithacne_pauciflora_2_Series_009_Brightfield.tif	lithacne
Copy of Lithacne_pauciflora_2_Series016_Brightfield.tif	lithacne
Copy of Lithacne_pauciflora_2_Series005_Brightfield.tif	lithacne
Copy of Lithacne_pauciflora2_Series021_brightfield.tif	lithacne
Copy of Lithacne_pauciflora_3_series034_Brightfield.tif	lithacne
Copy of Lithacne_pauciflora_2_Series031_Brightfield.tif	lithacne
Copy of Lithacne_pauciflora_3_Series_040_Brightfield.tif	lithacne
Copy of Lithacne_pauciflora_3_Series_025_Brightfield.tif	lithacne
Copy of Lithacne_pauciflora(1)Series018_brightfield.tif	lithacne
Copy of Lithacne_pauciflora_Series023_brightfield.tif	lithacne
Copy of Lithacne_pauciflora_3_Series_012_Brightfield.tif	lithacne
Copy of Lithacne_pauciflora_Series018_brightfield.tif	lithacne
Copy of Lithacne_pauciflora_Series014_brightfield.tif	lithacne
Copy of Olyra_Series014_Brightfield.tif	olyra
Copy of Olyra_Series010_Brightfield.tif	olyra
Copy of Lithacne_pauciflora3_Series022_brightfield.tif	lithacne
Copy of Olyra_Series05_brightfield.tif	olyra
Copy of Olyra_Series012_Brightfield.tif	olyra
Copy of Lithacne_pauciflora3_Series018_brightfield.tif	lithacne
Copy of Olyra_Series006_Brightfield.tif	olyra
Copy of Lithacne_pauciflora3_Series012_brightfield.tif	lithacne
Copy of LithacnePauciflora_3_Series037_Brightfield.tif	lithacne
Copy of Lithacne_pauciflora2_Series027_brightfield.tif	lithacne
Copy of Olyra_Series028_Brightfield.tif	olyra
Copy of Olyra_Series032_brightfield.tif	olyra
Copy of Olyra_Series016_Brightfield.tif	olyra
Copy of Olyra_Series018_Brightfield.tif	olyra
Copy of Olyra_Series024_Brightfield.tif	olyra
Copy of Olyra_Series041_Brightfield.tif	olyra
Copy of Olyra_Series026_Brightfield.tif	olyra
Copy of Olyra_Series021_Brightfield.tif	olyra
Copy of Olyra_Series044_Brightfield.tif	olyra
Copy of Olyra_Series030_Brightfield.tif	olyra
Copy of olyra_sp_1b_048_Brightfield.tif	olyra
Copy of Olyra_Series046_Brightfield.tif	olyra
Copy of olyra_sp_1b_032_Brightfield.tif	olyra
Copy of olyra_sp_1_048_Brightfield.tif	olyra
Copy of Pariana_7-8_Series003_brightfield.tif	pariana
Copy of Pariana_sp_bilobate2_brightfield.tif	pariana
Copy of Pariana_7-8_Series010_brightfield.tif	pariana
Copy of Pariana_7-7_Series045_Brightfield.tif	pariana
Copy of Pariana_7-8_Series030_Brightfield.tif	pariana
Copy of Pariana sp_Series020_brightfield.tif	pariana
Copy of pariana_sp_1_020_Brightfield.tif	pariana
Copy of Pariana sp_Series016_brightfield.tif	pariana
Copy of Pariana_7-8_Series012_brightfield.tif	pariana
Copy of Pariana_7-8_Series027_Brightfield.tif	pariana
Copy of Pariana_sp_Series025_brightfield.tif	pariana
Copy of Pariana_sp_Series030_brightfield.tif	pariana
Copy of Pariana_sp_Series_020_Brightfield.tif	pariana
Copy of Pariana_sp_Series033_brightfield.tif	pariana
Copy of Pariana_sp_Series015_brightfield.tif	pariana
Copy of Pariana_sp_Series020_brightfield.tif	pariana
Copy of Pariana_sp_Polylobate.brightfield.tif	pariana
Copy of Pariana_sp_Series023_brightfield.tif	pariana
Copy of Pariana_sp_Series035_brightfield.tif	pariana
Copy of Pariana_sp_Series039_brightfield.tif	pariana
Copy of Diandrolyra_3_Series026_Brightfield.tif	diandrolyra
Copy of Diandrolyra_3_Series037_brightfield.tif	diandrolyra
Copy of Diandrolyra_3_Series033_Brightfield.tif	diandrolyra
Copy of Diandrolyra_3_Series017_Brightfield.tif	diandrolyra
Copy of Diandrolyra_3_Series020_Brightfield.tif	diandrolyra
Copy of Diandrolyra_3_Series022_brightfield.tif	diandrolyra
Copy of Diandrolyra.lif - Series028 - C=1.tif	diandrolyra
Copy of Diandrolyra.lif - Series021 - C=1.tif	diandrolyra
Copy of Diandrolyra2_Series005_brightfield.tif	diandrolyra
Copy of Diandrolyra.lif - Series013 - C=1.tif	diandrolyra
Copy of Diandrolyra_3_Series041_Brightfield.tif	diandrolyra
Copy of Diandrolyra.lif - Series023 - C=1.tif	diandrolyra
Copy of Diandrolyra2_Series030_brightfield.tif	diandrolyra
Leersia oryzoides PMR 1250 NEW.lif - Series013 - C=1.tif	leersia
Leersia oryzoides PMR 1250 NEW.lif - Series008 - C=1.tif	leersia
Leersia oryzoides PMR 1250 NEW.lif - Series011 - C=1.tif	leersia
Leersia oryzoides PMR 1250 NEW.lif - Series006 - C=1.tif	leersia
Oryza_barthii_NEW.lif - Series006 - C=1.tif	oryza
Oryza_barthii_NEW.lif - Series028 - C=1.tif	oryza
Oryza_barthii_NEW.lif - Series022 - C=1.tif	oryza
Oryza_barthii_NEW.lif - Series031 - C=1.tif	oryza
Oryza_barthii_NEW.lif - Series026 - C=1.tif	oryza
Oryza_barthii_NEW.lif - Series017 - C=1.tif	oryza
Oryza_barthii_NEW.lif - Series003 - C=1.tif	oryza
Oryza_barthii_NEW.lif - Series034 - C=1.tif	oryza
Oryza_barthii_NEW.lif - Series020 - C=1.tif	oryza
Oryza_barthii_NEW.lif - Series015 - C=1.tif	oryza
Oryza_barthii_NEW.lif - Series013 - C=1.tif	oryza
Oryza_barthii_NEW.lif - Series011 - C=1.tif	oryza
Oryza_glabra_PMR2210_NEW_Series020.tif	oryza
Oryza_glabra_PMR2210_NEW.lif - Series009 - C=1.tif	oryza
Oryza_glabra_PMR2210_NEW.lif - Series013 - C=1.tif	oryza
Oryza_glabra_PMR2210_NEW.lif - Series020 - C=1.tif	oryza
Oryza_glabra_PMR2210_NEW.lif - Series025 - C=1.tif	oryza
Oryza_glabra_PMR2210_NEW.lif - Series023 - C=1.tif	oryza
Oryza_glabra_PMR2210_NEW.lif - Series007 - C=1.tif	oryza
Oryza_glabra_PMR2210_NEW.lif - Series011 - C=1.tif	oryza
Oryza_glabra_PMR2210_NEW.lif - Series018 - C=1.tif	oryza
Oryza_glabra_PMR2210_NEW.lif - Series016 - C=1.tif	oryza
Oryza_glabra_PMR2210_NEW.lif - Series004 - C=1.tif	oryza
Oryza_glabra_PMR2210_NEW.lif - Series002 - C=1.tif	oryza
Oryza_subulata_PMR370_NEW.lif - Series021 - C=1.tif	oryza
Oryza_subulata_PMR370_NEW.lif - Series017 - C=1.tif	oryza
Oryza_subulata_PMR370_NEW.lif - Series005 - C=1.tif	oryza
Oryza_subulata_PMR370_NEW.lif - Series019 - C=1.tif	oryza
Oryza_subulata_PMR370_NEW.lif - Series002 - C=1.tif	oryza
Zizaniopsis_5_12_2017.lif - Series006 - C=1.tif	zizaniopsis
Zizaniopsis_5_12_2017.lif - Series020 - C=1.tif	zizaniopsis
Zizaniopsis_5_12_2017.lif - Series003 - C=1.tif	zizaniopsis
Zizania_palustris_NEW.lif - Series005 - C=1.tif	zizania
Zizaniopsis_5_12_2017.lif - Series012 - C=1.tif	zizaniopsis
Zizaniopsis_5_12_2017.lif - Series014 - C=1.tif	zizaniopsis
Zizaniopsis_5_12_2017.lif - Series009 - C=1.tif	zizaniopsis
Zizaniopsis_5_12_2017.lif - Series018 - C=1.tif	zizaniopsis
Zizaniopsis_5_12_2017.lif - Series016 - C=1.tif	zizaniopsis
Zizania_palustris_NEW.lif - Series003 - C=1.tif	zizania
Zizania_palustris_NEW.lif - Series025 - C=1.tif	zizania
Zizania_palustris_NEW.lif - Series013 - C=1.tif	zizania
Zizania_palustris_NEW.lif - Series020 - C=1.tif	zizania
Zizania_palustris_NEW.lif - Series016 - C=1.tif	zizania
Zizania_palustris_NEW.lif - Series007 - C=1.tif	zizania
Zizania_palustris_NEW.lif - Series028 - C=1.tif	zizania
Zizania_palustris_NEW.lif - Series014 - C=1.tif	zizania
Zizania_palustris_NEW.lif - Series021 - C=1.tif	zizania
Zizania_palustris_NEW.lif - Series009 - C=1.tif	zizania
Zizania_palustris_NEW.lif - Series004 - C=1.tif	zizania
Zizania_palustris_NEW.lif - Series030 - C=1.tif	zizania
Zizania_palustris_5_12_2017.lif - Series015 - C=1.tif	zizania
Zizania_palustris_5_12_2017.lif - Series011 - C=1.tif	zizania
Zizania_palustris_5_12_2017.lif - Series003 - C=1.tif	zizania
Zizania_palustris_5_12_2017.lif - Series013 - C=1.tif	zizania
Zizania_palustris_5_12_2017.lif - Series019 - C=1.tif	zizania
Zizania_palustris_5_12_2017.lif - Series006 - C=1.tif	zizania
Zizania_palustris_5_12_2017.lif - Series009 - C=1.tif	zizania
Humbertochloa_5_18_2017.lif - Series067 - C=1.tif	humbertochloa
Humbertochloa_5_18_2017.lif - Series014 - C=1.tif	humbertochloa
Humbertochloa_5_18_2017.lif - Series017 - C=1.tif	humbertochloa
Humbertochloa_5_18_2017.lif - Series063 - C=1.tif	humbertochloa
Humbertochloa_5_18_2017.lif - Series022 - C=1.tif	humbertochloa
Humbertochloa_5_18_2017.lif - Series019 - C=1.tif	humbertochloa
Humbertochloa_5_18_2017.lif - Series008 - C=1.tif	humbertochloa
Humbertochloa_5_18_2017.lif - Series004 - C=1.tif	humbertochloa
Humbertochloa_5_18_2017.lif - Series061 - C=1.tif	humbertochloa
Humbertochloa_5_18_2017.lif - Series065 - C=1.tif	humbertochloa
Humbertochloa_5_18_2017.lif - Series031 - C=1.tif	humbertochloa
Humbertochloa_5_18_2017.lif - Series026 - C=1.tif	humbertochloa
Humbertochloa_5_18_2017.lif - Series039 - C=1.tif	humbertochloa
Humbertochloa_5_18_2017.lif - Series034 - C=1.tif	humbertochloa
Humbertochloa_5_18_2017.lif - Series041 - C=1.tif	humbertochloa
Humbertochloa_5_18_2017.lif - Series045 - C=1.tif	humbertochloa
Humbertochloa_5_18_2017.lif - Series024 - C=1.tif	humbertochloa
Humbertochloa_5_18_2017.lif - Series043 - C=1.tif	humbertochloa
Humbertochloa_5_18_2017.lif - Series029 - C=1.tif	humbertochloa
Humbertochloa_5_18_2017.lif - Series037 - C=1.tif	humbertochloa
Humbertochloa_5_18_2017.lif - Series050 - C=1.tif	humbertochloa
Humbertochloa_5_18_2017.lif - Series054 - C=1.tif	humbertochloa
Humbertochloa_5_18_2017.lif - Series052 - C=1.tif	humbertochloa
Humbertochloa_5_18_2017.lif - Series057 - C=1.tif	humbertochloa
Humbertochloa_5_18_2017.lif - Series047 - C=1.tif	humbertochloa
Humbertochloa_5_18_2017.lif - Series059 - C=1.tif	humbertochloa
Phyllorachis_5_19_2017.lif - Series018 - C=1.tif	phyllorachis
Phyllorachis_5_19_2017.lif - Series025 - C=1.tif	phyllorachis
Phyllorachis_5_19_2017.lif - Series012 - C=1.tif	phyllorachis
Phyllorachis_5_19_2017.lif - Series032 - C=1.tif	phyllorachis
Phyllorachis_5_19_2017.lif - Series016 - C=1.tif	phyllorachis
Phyllorachis_5_19_2017.lif - Series028 - C=1.tif	phyllorachis
Phyllorachis_5_19_2017.lif - Series020 - C=1.tif	phyllorachis
Phyllorachis_5_19_2017.lif - Series022 - C=1.tif	phyllorachis
Phyllorachis_5_19_2017.lif - Series024 - C=1.tif	phyllorachis
Phyllorachis_5_19_2017.lif - Series030 - C=1.tif	phyllorachis
Phyllorachis_5_23_2017.lif - Series029 - C=1.tif	phyllorachis
Phyllorachis_5_23_2017.lif - Series022 - C=1.tif	phyllorachis
Phyllorachis_5_23_2017.lif - Series025 - C=1.tif	phyllorachis
Phyllorachis_5_23_2017.lif - Series007 - C=1.tif	phyllorachis
Phyllorachis_5_23_2017.lif - Series002 - C=1.tif	phyllorachis
Phyllorachis_5_23_2017.lif - Series020 - C=1.tif	phyllorachis
Phyllorachis_5_23_2017.lif - Series018 - C=1.tif	phyllorachis
Phyllorachis_5_23_2017.lif - Series013 - C=1.tif	phyllorachis
Phyllorachis_5_23_2017.lif - Series011 - C=1.tif	phyllorachis
Phyllorachis_5_23_2017.lif - Series009 - C=1.tif	phyllorachis
Phyllorachis_5_23_2017.lif - Series033 - C=1.tif	phyllorachis
Phyllorachis_5_19_2017.lif - Series005 - C=1.tif	phyllorachis
Phyllorachis_5_23_2017.lif - Series031 - C=1.tif	phyllorachis
Phyllorachis_5_19_2017.lif - Series008 - C=1.tif	phyllorachis
Ehrharta_stipoides_PMR_1660_Newb.lif - Series016 - C=1.tif	ehrharta
Ehrharta_stipoides_PMR_1660_Newb.lif - Series003 - C=1.tif	ehrharta
Ehrharta_stipoides_PMR_1660_Newb.lif - Series012 - C=1.tif	ehrharta
Ehrharta_stipoides_PMR_1660_Newb.lif - Series010 - C=1.tif	ehrharta
Ehrharta_stipoides_PMR_1660_Newb.lif - Series007 - C=1.tif	ehrharta
Ehrharta_stipoides_PMR_1660_Newb.lif - Series014 - C=1.tif	ehrharta
Ehrharta_stipoides_PMR_1660_Newb.lif - Series018 - C=1.tif	ehrharta
Ehrharta_stipoides_PMR_1660_Newb.lif - Series005 - C=1.tif	ehrharta
Ehrharta_stipoides_PMR_1660_Newb.lif - Series020 - C=1.tif	ehrharta
Ehrharta_calycina_NEW.lif - Series036 - C=1.tif	ehrharta
Ehrharta_stipoides_PMR_1660_Newb.lif - Series030 - C=1.tif	ehrharta
Ehrharta_stipoides_PMR_1660_Newb.lif - Series028 - C=1.tif	ehrharta
Ehrharta_stipoides_PMR_1660_Newb.lif - Series024 - C=1.tif	ehrharta
Ehrharta_calycina_NEW.lif - Series013 - C=1.tif	ehrharta
Ehrharta_stipoides_PMR_1660_Newb.lif - Series033 - C=1.tif	ehrharta
Ehrharta_stipoides_PMR_1660_Newb.lif - Series026 - C=1.tif	ehrharta
Ehrharta_stipoides_PMR_1660_Newb.lif - Series022 - C=1.tif	ehrharta
Ehrharta_calycina_NEW.lif - Series004 - C=1.tif	ehrharta
Ehrharta_calycina_NEW.lif - Series009 - C=1.tif	ehrharta
Ehrharta_calycina_NEW.lif - Series007 - C=1.tif	ehrharta
Ehrharta_calycina_NEW.lif - Series016 - C=1.tif	ehrharta
Ehrharta_calycina_NEW.lif - Series020 - C=1.tif	ehrharta
Ehrharta_calycina_NEW.lif - Series025 - C=1.tif	ehrharta
Ehrharta_calycina_NEW.lif - Series023 - C=1.tif	ehrharta
Ehrharta_calycina_NEW.lif - Series018 - C=1.tif	ehrharta
Ehrharta_calycina_NEW.lif - Series028 - C=1.tif	ehrharta
Ehrharta_calycina_NEW.lif - Series034 - C=1.tif	ehrharta
Ehrharta_calycina_NEW.lif - Series030 - C=1.tif	ehrharta
Streptogyna_americana_NEW.lif - Series016 - C=1.tif	streptogyna
Streptogyna_americana_NEW.lif - Series009 - C=1.tif	streptogyna
Streptogyna_americana_NEW.lif - Series004 - C=1.tif	streptogyna
Streptogyna_americana_NEW.lif - Series007 - C=1.tif	streptogyna
Streptogyna_americana_NEW.lif - Series014 - C=1.tif	streptogyna
Streptogyna_americana_NEW.lif - Series018 - C=1.tif	streptogyna
Streptogyna_americana_NEW.lif - Series020 - C=1.tif	streptogyna
Streptogyna_americana_NEW.lif - Series008 - C=1.tif	streptogyna
Streptogyna_americana_NEW.lif - Series012 - C=1.tif	streptogyna
Streptogyna_americana_NEW.lif - Series003 - C=1.tif	streptogyna
Streptogyna_americana_NEW.lif - Series023 - C=1.tif	streptogyna
Streptogyna_americana_NEW.lif - Series002 - C=1.tif	streptogyna
Streptogyna_americana_NEW.lif - Series013 - C=1.tif	streptogyna
Streptogyna_americana_NEW.lif - Series010 - C=1.tif	streptogyna
Streptogyna_americana_NEW.lif - Series021 - C=1.tif	streptogyna
Streptogyna_americana_NEW.lif - Series017 - C=1.tif	streptogyna
Racemobambos_hepburnii_9-1.lif - Series013 - C=1.tif	Rhynchoryza
Racemobambos_hepburnii_9-1.lif - Series017 - C=1.tif	
Racemobambos_hepburnii_9-1.lif - Series019 - C=1.tif	
racemobambusa_hepburnii_9-1_011_Brightfield.tif	
